CloneName,cdr3.alpha,v.alpha,j.alpha,cdr3.beta,v.beta,j.beta,Patient,beta_id,Vb,Vb_public,alpha_id,Va,Va_public,public
1525-TP2-CL-1,CAVQAEGFGNVLHC,TRAV20,TRAJ35,CASSDPTSGELFF,TRBV2,TRBJ2-2,,26,CASSDPTSGELFF_TRBV2,Public,61,CAVQAEGFGNVLHC_TRAV20,Private,Private
1134-TP2-CL-19,CASDREGGSEKLVF,TRAV25,TRAJ57,CASSLWTGVGTEAFF,TRBV5-1,TRBJ1-1,,20,CASSLWTGVGTEAFF_TRBV5-1,Public,40,CASDREGGSEKLVF_TRAV25,Private,Private
1134-TP2-CL-24,CALSEAEGGATNKLIF,TRAV19,TRAJ32,CASSLAGTGNTIYF,TRBV13,TRBJ1-3,,18,CASSLAGTGNTIYF_TRBV13,Public,36,CALSEAEGGATNKLIF_TRAV19,Private,Private
1134-TP2-CL-12,CAGRGETSGSRLTF,TRAV35,TRAJ58,CASSAWTGVGETQYF,TRBV5-1,TRBJ2-5,,16,CASSAWTGVGETQYF_TRBV5-1,Private,34,CAGRGETSGSRLTF_TRAV35,Public,Private
1134-TP-2_CD8_ORF3a-28_P4_C6_S132,CAVRRYGGSQGNLIF,TRAV1-2,TRAJ42,CASSYTTSPHEQYF,TRBV6-5,TRBJ2-7,,,,,,,,
1134-TP2-CL-30,CAVRRYGGSQGNLIF,TRAV1-2,TRAJ42,CASREDQNTGELFF,TRBV6-6,TRBJ2-2,,NA,CASREDQNTGELFF_TRBV6-6,Private,43,CAVRRYGGSQGNLIF_TRAV1-2,Private,Private
1525-TP2-CL-24,CAPRGPGSARQLTF,TRAV24,TRAJ22,CASSLGQEGANVLTF,TRBV6-5,TRBJ2-6,,NA,CASSLGQEGANVLTF_TRBV6-5,Private,59,CAPRGPGSARQLTF_TRAV24,Private,Private
1525-TP-2_CD8_ORF3a-28_P2_C3_S102,CAPRGPGSARQLTF,TRAV24,TRAJ22,CASSLAGDLGTEAFF,TRBV5-1,TRBJ1-1,,,,,,,,
1134-TP2-CL-20,CAVRVVTSGGSYIPTF,TRAV3,TRAJ6,CASSLAGDLGTEAFF,TRBV5-1,TRBJ1-1,,4,CASSLAGDLGTEAFF_TRBV5-1,Public,45,CAVRVVTSGGSYIPTF_TRAV3,Public,Public
1134-TP2-CL-21,CAAHLTGGGNKLTF,TRAV13-1,TRAJ10,CASSPGDRTDTQYF,TRBV7-3,TRBJ2-3,,,,,,,,